﻿

CREATE TABLE CARBRANDS 
    (
	
	 ID             	VARCHAR(10),
     NAME               VARCHAR(14),
     COUNTRY            VARCHAR(13),
	 URL				VARCHAR(20),
	 ESTABLISHED		NUMERIC,	 
	 REVENUE			NUMERIC,
	 CONSTRAINT CARBRANDS_PRIMARY_KEY PRIMARY KEY (ID));
	 
CREATE TABLE CARMODELS
	(
		ID				VARCHAR(10),
		BRAND_ID		VARCHAR(10),
		NAME			VARCHAR(10),
		RELEASED		DATE,
		ENGINE_VOL		NUMERIC,
		PERFORMANCE		NUMERIC,
		PRICE			NUMERIC,		
  CONSTRAINT CARMODELS_FOREGIN_KEY FOREIGN KEY(BRAND_ID) REFERENCES CARBRANDS (ID),
  CONSTRAINT CARMODELS_PRIMARY_KEY PRIMARY KEY (ID));
  
  CREATE TABLE EXTRAS(
	 ID             	VARCHAR(10),
     CATEGORY          VARCHAR(14),
	 NAME			VARCHAR(30),
	 PRICE			NUMERIC,
	 COLOR			VARCHAR(14),
	 REUSABLE 		BIT,	 
	 CONSTRAINT EXTRAS_PRIMARY_KEY PRIMARY KEY(ID));
	 
	CREATE TABLE LINK_MOD_EXTRA(
	ID VARCHAR(14),
	MODEL_ID VARCHAR(10),
	EXTRA_ID VARCHAR(10)
	
	CONSTRAINT MODELL_FOREGIN_KEY FOREIGN KEY(MODEL_ID) REFERENCES CARMODELS (ID),
	CONSTRAINT EXTRA_FOREGIN_KEY FOREIGN KEY(EXTRA_ID) REFERENCES EXTRAS (ID),	
	CONSTRAINT EXTRA_PRIMARY_KEY PRIMARY KEY(ID)
	);
  
  
  

INSERT INTO CARBRANDS VALUES ('MA1','OPEL','GERMANY','www.opel.com',1911,18700);
INSERT INTO CARBRANDS VALUES ('MA2','VOLVO','SWEDEN','www.volvo.com',1945,39172);
INSERT INTO CARBRANDS VALUES ('MA3','FIAT','ITALY','www.fiat.com',1964,133200);
INSERT INTO CARBRANDS VALUES ('MA4','VOLKSWAGEN','GERMANY','www.volkswagen.com',1972,260028);
INSERT INTO CARBRANDS VALUES ('MA5','FORD','USA','www.ford.de',1956,156776);
INSERT INTO CARBRANDS VALUES ('MA6','HONDA','JAPAN','www.honda.com',1980,138646);

INSERT INTO CARMODELS VALUES('MO1','MA6','CIVIC','2006-01-21',1400,60,2350);
INSERT INTO CARMODELS VALUES('MO2','MA6','JAZZ','2000-02-23',1200,80,1650);
INSERT INTO CARMODELS VALUES('MO3','MA6','ACCORD','1998-04-21',2000,170,1950);
INSERT INTO CARMODELS VALUES('MO4','MA1','CORSA','1995-08-25',1200,68,1000);
INSERT INTO CARMODELS VALUES('MO5','MA1','ASTRA','1990-01-23',1600,98,1350);
INSERT INTO CARMODELS VALUES('MO6','MA1','VECTRA','1998-09-01',1800,130,2300);
INSERT INTO CARMODELS VALUES('MO7','MA3','PUNTO','1992-10-05',1000,65,950);
INSERT INTO CARMODELS VALUES('MO8','MA3','TIPO','2006-01-21',1200,62,1750);
INSERT INTO CARMODELS VALUES('MO9','MA3','FIAT 500','2003-11-19',1600,101,2550);
INSERT INTO CARMODELS VALUES('MO10','MA4','GOLF','1991-12-11',1400,89,1250);
INSERT INTO CARMODELS VALUES('MO11','MA4','PASSAT','2000-07-07',2000,140,2750);
INSERT INTO CARMODELS VALUES('MO12','MA4','POLO','2006-10-28',1000,55,750);
INSERT INTO CARMODELS VALUES('MO13','MA2','C30','2001-02-21',1200,67,1350);
INSERT INTO CARMODELS VALUES('MO14','MA2','V50','2003-01-26',1600,92,2150);
INSERT INTO CARMODELS VALUES('MO15','MA2','S80','2002-06-21',2000,152,2750);
INSERT INTO CARMODELS VALUES('MO16','MA5','FOCUS','1985-03-21',1400,74,1350);
INSERT INTO CARMODELS VALUES('MO17','MA5','FIESTA','2000-12-21',1600,120,2050);
INSERT INTO CARMODELS VALUES('MO18','MA5','MUSTANG','1970-01-13',3000,250,4350);


INSERT INTO EXTRAS VALUES('E1','kulso','tolatoradar', 1000, 'white', 'false');
INSERT INTO EXTRAS VALUES('E2','kulso','xenon lampa', 500, 'white', 'true');
INSERT INTO EXTRAS VALUES('E3','belso','ulesfutes', 250, 'black', 'true');
INSERT INTO EXTRAS VALUES('E4','belso','kozpontizar', 150, 'none', 'false');
INSERT INTO EXTRAS VALUES('E5','belso','tempomat', 1500, 'none', 'true');
INSERT INTO EXTRAS VALUES('E6','kulso','multimedias egyseg', 3200, 'blue', 'true');
INSERT INTO EXTRAS VALUES('E7','belso','motortuning', 3000, 'none', 'false');
INSERT INTO EXTRAS VALUES('E8','belso','navigacio', 430, 'none', 'true');
INSERT INTO EXTRAS VALUES('E9','belso','automata valto', 870, 'black', 'false');
INSERT INTO EXTRAS VALUES('E10','kulso','metal fenyezes', 740, 'blue', 'false');
INSERT INTO EXTRAS VALUES('E11','kulso','metal fenyezes', 740, 'black', 'false');
INSERT INTO EXTRAS VALUES('E12','kulso','metal fenyezes', 740, 'gray', 'false');
INSERT INTO EXTRAS VALUES('E13','kulso','metal fenyezes', 740, 'orange', 'false');
INSERT INTO EXTRAS VALUES('E14','kulso','premium gumik', 2500, 'black', 'true');
INSERT INTO EXTRAS VALUES('E15','belso','szovetkarpit', 500, 'black', 'true');
INSERT INTO EXTRAS VALUES('E16','belso','servotonic', 330, 'none', 'false');
INSERT INTO EXTRAS VALUES('E17','belso','parkoloasszistens', 500, 'none', 'false');

INSERT INTO LINK_MOD_EXTRA VALUES('LME1', 'MO1', 'E1');
INSERT INTO LINK_MOD_EXTRA VALUES('LME2', 'MO1', 'E5');
INSERT INTO LINK_MOD_EXTRA VALUES('LME3', 'MO1', 'E7');
INSERT INTO LINK_MOD_EXTRA VALUES('LME4', 'MO1', 'E11');
INSERT INTO LINK_MOD_EXTRA VALUES('LME5', 'MO2', 'E2');
INSERT INTO LINK_MOD_EXTRA VALUES('LME6', 'MO2', 'E6');
INSERT INTO LINK_MOD_EXTRA VALUES('LME7', 'MO2', 'E7');
INSERT INTO LINK_MOD_EXTRA VALUES('LME8', 'MO2', 'E16');
INSERT INTO LINK_MOD_EXTRA VALUES('LME9', 'MO3', 'E10');
INSERT INTO LINK_MOD_EXTRA VALUES('LME10', 'MO3', 'E11');
INSERT INTO LINK_MOD_EXTRA VALUES('LME11', 'MO3', 'E5');
INSERT INTO LINK_MOD_EXTRA VALUES('LME12', 'MO3', 'E17');
INSERT INTO LINK_MOD_EXTRA VALUES('LME13', 'MO4', 'E3');
INSERT INTO LINK_MOD_EXTRA VALUES('LME14', 'MO4', 'E5');
INSERT INTO LINK_MOD_EXTRA VALUES('LME15', 'MO5', 'E6');
INSERT INTO LINK_MOD_EXTRA VALUES('LME16', 'MO5', 'E9');
INSERT INTO LINK_MOD_EXTRA VALUES('LME17', 'MO6', 'E2');
INSERT INTO LINK_MOD_EXTRA VALUES('LME18', 'MO6', 'E14');
INSERT INTO LINK_MOD_EXTRA VALUES('LME19', 'MO7', 'E13');
INSERT INTO LINK_MOD_EXTRA VALUES('LME20', 'MO7', 'E2');
INSERT INTO LINK_MOD_EXTRA VALUES('LME21', 'MO8', 'E4');
INSERT INTO LINK_MOD_EXTRA VALUES('LME22', 'MO8', 'E8');
INSERT INTO LINK_MOD_EXTRA VALUES('LME23', 'MO9', 'E1');
INSERT INTO LINK_MOD_EXTRA VALUES('LME24', 'MO9', 'E16');
INSERT INTO LINK_MOD_EXTRA VALUES('LME25', 'MO10', 'E12');
INSERT INTO LINK_MOD_EXTRA VALUES('LME26', 'MO10', 'E5');
INSERT INTO LINK_MOD_EXTRA VALUES('LME27', 'MO11', 'E3');
INSERT INTO LINK_MOD_EXTRA VALUES('LME28', 'MO11', 'E12');
INSERT INTO LINK_MOD_EXTRA VALUES('LME29', 'MO12', 'E7');
INSERT INTO LINK_MOD_EXTRA VALUES('LME30', 'MO12', 'E2');
INSERT INTO LINK_MOD_EXTRA VALUES('LME31', 'MO13', 'E16');
INSERT INTO LINK_MOD_EXTRA VALUES('LME32', 'MO13', 'E15');
INSERT INTO LINK_MOD_EXTRA VALUES('LME33', 'MO14', 'E11');
INSERT INTO LINK_MOD_EXTRA VALUES('LME34', 'MO14', 'E6');
INSERT INTO LINK_MOD_EXTRA VALUES('LME35', 'MO15', 'E3');
INSERT INTO LINK_MOD_EXTRA VALUES('LME36', 'MO15', 'E17');
INSERT INTO LINK_MOD_EXTRA VALUES('LME37', 'MO16', 'E14');
INSERT INTO LINK_MOD_EXTRA VALUES('LME38', 'MO16', 'E6');
INSERT INTO LINK_MOD_EXTRA VALUES('LME39', 'MO17', 'E2');
INSERT INTO LINK_MOD_EXTRA VALUES('LME40', 'MO17', 'E12');
INSERT INTO LINK_MOD_EXTRA VALUES('LME41', 'MO17', 'E14');
INSERT INTO LINK_MOD_EXTRA VALUES('LME42', 'MO17', 'E5');
INSERT INTO LINK_MOD_EXTRA VALUES('LME43', 'MO18', 'E2');
INSERT INTO LINK_MOD_EXTRA VALUES('LME44', 'MO18', 'E4');
INSERT INTO LINK_MOD_EXTRA VALUES('LME45', 'MO18', 'E6');
INSERT INTO LINK_MOD_EXTRA VALUES('LME46', 'MO18', 'E8');
INSERT INTO LINK_MOD_EXTRA VALUES('LME47', 'MO18', 'E10');
INSERT INTO LINK_MOD_EXTRA VALUES('LME48', 'MO18', 'E12');
INSERT INTO LINK_MOD_EXTRA VALUES('LME49', 'MO18', 'E14');
INSERT INTO LINK_MOD_EXTRA VALUES('LME50', 'MO18', 'E16');
